Trade Date,Position,Exit_Date,ret%,duration,dd_overall%,dd_trade%,dd_cumulative%
1973-01-02,1.0,1973-01-24,0.0,17.0,0.0,0.0,0.0
1973-01-26,-1.0,1973-02-06,0.0,8.0,0.0,-0.0833333333333485,0.0
1973-02-07,0.0,1973-02-07,0.0,1.0,0.0,0.0,0.0
1973-02-08,-1.0,1973-03-02,3.0681647999999617,16.0,-2.5958352000000247,-2.41746409294619,-2.5958352000000247
1973-03-05,1.0,1973-03-28,-3.1923353892879036,18.0,-5.109845679568244,-5.3667882166558,-5.558015580097552
1973-03-29,-1.0,1973-04-05,6.110387591274957,6.0,0.8183782106516296,0.0,-3.3766585120651755
1973-04-06,1.0,1973-04-10,0.26810513133483926,3.0,-1.0409895031890402,0.0,-1.0409895031890402
1973-04-11,-1.0,1973-04-26,5.090023729806981,11.0,-0.4248660499627197,-0.4257449340921354,-0.4248660499627197
1973-04-27,1.0,1973-05-04,3.2598970765774338,6.0,-0.2064238548156282,-0.57187631336631,-0.48798294183405094
1973-05-07,-1.0,1973-05-16,3.4078532330725997,8.0,-0.5591999888735287,-0.16604274436384991,-0.5591999888735287
1973-05-17,1.0,1973-05-21,-3.3638539701993486,3.0,-4.0611553152638935,-4.071888964549227,-4.0611553152638935
1973-05-22,-1.0,1973-06-12,-2.303472471593049,15.0,-2.5582858294281827,-3.7964883631643307,-6.619441144692076
1973-06-13,1.0,1973-06-18,-2.913652235841191,4.0,-2.73093476761148,-3.322217903827903,-9.00201495975266
1973-06-19,-1.0,1973-07-11,-1.519754139532692,16.0,-1.3829456445404953,-3.1787007993357355,-10.384960604293155
1973-07-12,1.0,1973-08-15,-0.3406503586843801,25.0,-0.5719617637018476,-5.41692784339333,-10.956922367995004
1973-08-16,-1.0,1973-09-10,-2.819366527890965,17.0,-3.1596871771983572,-5.317762274777107,-13.849921734628131
1973-09-11,1.0,1973-11-05,1.6527927180770563,40.0,0.017292787696515655,-6.015920096910047,-13.190911402758992
1973-11-06,-1.0,1973-11-16,3.6231775625662266,9.0,-1.4983606283584818,-0.9302087285591234,-13.272076337785526
1973-11-19,1.0,1973-11-30,-3.3706542332374356,9.0,-3.4849144623016666,-5.765525365810062,-12.0620352350268
1973-12-03,-1.0,1973-12-03,-1.6362710444368544,1.0,-1.4455036043441158,0.0,-13.10417352589096
1973-12-04,1.0,1973-12-10,2.482780208560209,5.0,-1.3353445372327244,-1.9406948478798178,-14.439518063123685
1973-12-11,-1.0,1973-12-17,1.7429454533302025,5.0,-1.2622400746005888,-0.5205184124739404,-12.208981218727555
1973-12-18,1.0,1973-12-19,-1.8392192545354291,2.0,-1.6664321202933,-0.36259719833902326,-11.061023538149456
1973-12-20,-1.0,1973-12-27,-1.0626332059956445,5.0,-0.9450950969562568,-2.757445629237033,-12.006118635105713
1973-12-28,1.0,1973-12-28,-0.5082885160660244,1.0,-0.4472627938185328,0.0,-12.453381428924246
1973-12-31,-1.0,1974-01-03,-1.5649908184349193,3.0,-1.3700965424875755,-2.0941340040275063,-13.82347797141182
1974-01-04,1.0,1974-01-10,-2.676286378177306,5.0,-2.3063305202380784,-3.115965906284031,-16.1298084916499
1974-01-11,-1.0,1974-01-11,0.8450422155235948,1.0,0.7087385244860384,0.0,-15.421069967163861
1974-01-14,1.0,1974-02-11,-1.5061945692470102,21.0,-1.2739232508817921,-4.953664727496857,-16.694993218045653
1974-02-12,-1.0,1974-02-28,-2.4734024884880856,12.0,-1.5105447610237854,-2.329226214133252,-18.20553797906944
1974-03-01,0.0,1974-03-01,0.0,1.0,0.0,0.0,-18.20553797906944
1974-03-04,-1.0,1974-03-05,0.0,2.0,0.0,0.0,-18.20553797906944
1974-03-06,0.0,1974-03-06,0.0,1.0,0.0,0.0,-18.20553797906944
1974-03-07,1.0,1974-03-29,-4.184475566168255,17.0,0.0,-4.279966276567673,-18.20553797906944
1974-04-01,-1.0,1974-05-22,11.533721608872005,37.0,-0.6519741372643328,-1.9648717012751022,-5.013758521877172
1974-05-23,1.0,1974-07-02,-7.958602522556147,28.0,-11.644681092580685,-11.926252023516726,-11.644681092580685
1974-07-03,-1.0,1974-08-20,10.116620591753712,34.0,-1.323950712898385,-6.306389076756458,-12.96863180547907
1974-08-21,1.0,1974-09-06,-5.4825769618429,12.0,-7.914240723305483,-9.157456480133245,-10.620349429388487
1974-09-09,0.0,1974-09-09,-2.1512986545448642,1.0,-1.9783273332764555,0.0,-10.018648508720238
1974-09-10,-1.0,1974-09-16,2.8151992147756433,5.0,-0.017387916129728287,-0.9348815333026841,-10.036036424849966
1974-09-17,1.0,1974-09-19,2.2636411276644397,3.0,-0.743299137027631,0.0,-8.228793345120842
1974-09-20,-1.0,1974-10-02,7.593152203628439,9.0,0.5577173361458777,-0.28944794223040604,-4.833580469786234
1974-10-03,1.0,1974-10-09,6.069355625901762,5.0,-0.47251572234642614,-0.7621441925469522,-0.7640470851031611
1974-10-10,-1.0,1974-10-10,2.6222879465576776,1.0,0.0,0.0,0.0
1974-10-11,1.0,1974-12-03,-1.9514288252972856,37.0,-9.110372425580088,-9.392076808731694,-9.110372425580088
1974-12-04,-1.0,1974-12-10,2.475006054421014,5.0,-0.1672148806420956,-1.3513841410825171,-9.277587306222184
1974-12-11,1.0,1975-07-24,40.331019088756,156.0,-2.9539846050833236,-4.3750836293211615,-9.814833245355805
1975-07-25,-1.0,1975-08-22,7.757735568305035,21.0,-0.6469735783720287,-1.013035750462789,-5.001950581224934
1975-08-25,1.0,1975-08-26,-1.2738537865406796,2.0,-1.2610159671018675,-0.8219674331435185,-2.2688097637265323
1975-08-27,-1.0,1975-08-28,-1.5121206856719582,2.0,-1.4778135439160938,-1.9084252142838671,-3.746623307642626
1975-08-29,1.0,1975-09-10,-5.998403468574576,8.0,-5.77366588613454,-4.802291882724019,-9.520289193777167
1975-09-11,-1.0,1975-10-01,0.8300650389240438,15.0,-2.3839568152512607,-3.491079420704535,-11.904246009028427
1975-10-02,1.0,1975-12-05,0.2387486616186596,46.0,-0.46488682591886293,-5.734282730975748,-9.234135572974017
1975-12-08,-1.0,1975-12-31,-3.3727130663198546,17.0,-3.0842976484583144,-4.134158524638346,-11.635734197912477
1976-01-02,0.0,1976-01-05,-0.6285788084951283,2.0,-0.5554390491142286,0.0,-12.191173247026706
1976-01-06,1.0,1978-10-17,62.55796510280198,704.0,-0.01783182758202939,-6.68587784569442,-12.209005074608735
1978-10-18,-1.0,1978-10-26,6.702331121894867,7.0,-1.4938511045054566,-0.014345658012533598,-7.414780118694589
1978-10-27,1.0,1978-11-02,1.4811374144608314,5.0,-3.4330682129439962,-3.510148102601824,-3.4330682129439962
1978-11-03,-1.0,1978-11-16,3.5159784504508185,10.0,-1.2447842122586494,-1.6789470086143343,-1.6762840546819782
1978-11-17,1.0,1978-11-17,-1.266815286181,1.0,-1.2529888386323402,0.0,-2.3444224280035897
1978-11-20,-1.0,1978-12-01,-0.7785704723962006,9.0,-0.7603174916235383,-1.9078545950105292,-3.104739919627128
1978-12-04,1.0,1979-10-11,19.544330662911126,217.0,-5.359468448666085,-8.369723038933602,-8.464208368293216
1979-10-12,-1.0,1979-10-24,5.847411776844025,9.0,0.3675970481156546,-0.768088628026619,-7.587976302668446
1979-10-25,1.0,1980-03-05,15.35392368186792,91.0,-4.848849752688373,-7.513080368094361,-7.422206459657686
1980-03-06,-1.0,1980-03-11,-0.18200427561938515,4.0,-2.6284957338581467,-0.5270250156229194,-10.050702193515832
1980-03-12,1.0,1980-03-13,0.14949067572207486,2.0,-0.07803855098965223,0.0,-7.668740553164853
1980-03-14,-1.0,1980-03-14,-0.4038198981008989,1.0,-0.3737249830792766,0.0,-7.826283701247508
1980-03-17,1.0,1980-03-21,2.6033154408162895,5.0,2.3995725887796393,-0.8290677802870221,-5.426711112467868
1980-03-24,-1.0,1980-03-24,-3.049965288410983,1.0,-2.8844524831783644,0.0,-8.311163595646233
1980-03-25,1.0,1980-03-27,-4.972367498512864,3.0,-4.559105901134732,-6.365322300151263,-12.870269496780965
1980-03-28,-1.0,1980-04-24,-3.4478004852546817,19.0,-3.004059271091111,-7.356969005513195,-15.874328767872075
1980-04-25,1.0,1980-12-11,37.03002030063944,160.0,0.5042507515204769,-9.283749382733806,-15.370078016351599
1980-12-12,-1.0,1980-12-19,-2.2472134029019153,6.0,-2.0401970909755236,-3.4850864035298903,-11.252331179311307
1980-12-22,0.0,1981-01-07,-1.0272905550097189,11.0,-0.9116964195862567,-0.083333333333361,-12.164027598897565
1981-01-08,1.0,1981-02-06,0.9729248594672946,22.0,-1.250139934647887,-4.234600161531324,-13.414167533545452
1981-02-09,-1.0,1981-02-24,0.9786457551538064,11.0,-0.4485832031317777,-0.8080938448506438,-11.758032790984172
1981-02-25,1.0,1981-02-25,-0.06348106306302004,1.0,-0.056852698476678176,0.0,-10.498335979498036
1981-02-26,-1.0,1981-02-27,0.09281796876288162,2.0,0.08307362655281259,-1.0407159521315417,-10.415262352945224
1981-03-02,1.0,1981-07-06,4.350920518095647,88.0,-0.9193133953857818,-6.475952577735672,-11.334575748331005
1981-07-07,-1.0,1981-08-14,-2.488473826057269,29.0,-2.6080907436821787,-3.0164855457221504,-9.125592365259674
1981-08-17,1.0,1981-08-21,-0.19060423724884812,5.0,-0.1737476004419508,-1.3366355568835802,-9.017536726110924
1981-08-24,-1.0,1981-08-31,-0.5078264220866657,6.0,-2.624769247696558,-0.352632612626618,-11.642305973807481
1981-09-01,1.0,1981-09-14,-2.567300386049731,9.0,-4.543218204737879,-5.422074380591873,-14.02278791881891
1981-09-15,-1.0,1981-09-22,3.1981246409602537,6.0,-0.062151013797472066,-0.07170288170596603,-11.865652084062777
1981-09-23,1.0,1981-10-01,2.213771098811068,7.0,-1.0719741359881767,-2.955257474259165,-10.054841241517396
1981-10-02,-1.0,1981-10-02,1.7555489119675416,1.0,1.6332230340718283,0.0,-5.3347330884731585
1981-10-05,1.0,1982-01-12,-0.12353014600975376,69.0,-1.5911510352094098,-7.033001234630097,-6.925884123682568
1982-01-13,-1.0,1982-03-11,7.401909921499117,41.0,-2.1316402355137694,-2.7224322258489484,-9.057524359196337
1982-03-12,1.0,1982-03-18,2.014023620168648,5.0,0.006480884788980261,-0.1789681189724966,-0.18055654061943024
1982-03-19,-1.0,1982-04-02,-3.0562719990081644,11.0,-3.9313266602204813,-4.038188635516472,-3.9313266602204813
1982-04-05,1.0,1982-06-07,-2.2559710935167954,44.0,-3.6506441793917115,-7.669435054347529,-7.581970839612192
1982-06-08,-1.0,1982-07-21,0.6178368889004471,31.0,-0.49101160173529307,-2.6299724718775837,-8.072982441347486
1982-07-22,1.0,1982-08-04,-3.508027262729463,10.0,-3.262080237371083,-3.244153533264047,-10.27305840083563
1982-08-05,-1.0,1982-08-24,-5.115778639845803,14.0,-4.590231712516937,-7.531249292249906,-14.863290113352567
1982-08-25,1.0,1983-07-29,69.77040115133678,236.0,-1.4843530639775144,-7.65783119553033,-16.34764317733008
1983-08-01,-1.0,1983-09-09,-0.7015724028554993,29.0,-1.140443133355086,-4.167031130379013,-8.666314734422938
1983-09-12,1.0,1983-10-03,-1.567002513120186,16.0,-1.4389056273371101,-3.2819655131729846,-9.61355019303297
1983-10-04,-1.0,1983-10-04,0.01737883037671306,1.0,0.01570810779547016,0.0,-9.5978420852375
1983-10-05,1.0,1983-10-05,0.04076422037881944,1.0,0.036851734879592146,0.0,-9.560990350357908
1983-10-06,-1.0,1983-10-06,0.36376679632748044,1.0,0.3289870880328033,0.0,-9.232003262325104
1983-10-07,1.0,1983-10-12,-2.491793806299658,4.0,-2.2617513208116597,-1.9473461765903162,-11.493754583136765
1983-10-13,-1.0,1983-11-03,4.878294443448761,16.0,-0.3819269739620157,-0.6915968832679683,-11.87568155709878
1983-11-04,1.0,1983-12-15,1.3169211530332792,29.0,-0.7314702644027185,-3.6983709557257556,-7.907629595263526
1983-12-16,-1.0,1983-12-16,0.19754846673512017,1.0,0.1857869396378796,0.0,-5.76795559839309
1983-12-19,1.0,1983-12-19,0.11471177631665608,1.0,0.10809525199258554,0.0,-5.659860346400505
1983-12-20,-1.0,1983-12-22,-1.0319010003360662,3.0,-0.9734968448039304,-0.6096972517790193,-6.633357191204435
1983-12-23,1.0,1984-01-26,-0.4907561518368908,23.0,-0.45820254334779237,-4.199093429527611,-7.091559734552227
1984-01-27,-1.0,1984-02-13,7.1902864297844316,12.0,-0.8451765890815616,-0.7856708385571978,-7.936736323633789
1984-02-14,1.0,1984-04-17,-3.3362024445420912,45.0,-4.9441114756238616,-5.439425525783315,-5.355288237645247
1984-04-18,-1.0,1984-05-02,-3.1353394867147055,10.0,-3.0138362616902565,-3.7576812724548367,-6.88911756820441
1984-05-03,1.0,1984-05-17,-2.385626789308848,11.0,-2.22127815505475,-2.6686923839989047,-9.11039572325916
1984-05-18,-1.0,1984-06-22,0.7675734860048022,25.0,-0.5928176798477708,-3.631368091910477,-9.70321340310693
1984-06-25,1.0,1984-07-11,-2.430543514382222,12.0,-2.2260679352405486,-2.5766666673511383,-10.638819154536698
1984-07-12,-1.0,1984-08-02,-2.26690825285778,16.0,-2.025735983436937,-5.64785293594902,-12.664555137973634
1984-08-03,1.0,1986-07-08,47.56846764213842,487.0,-5.42135304668755,-10.221884401882653,-18.085908184661186
1986-07-09,-1.0,1986-08-20,2.808442388294896,31.0,-0.3369710583350526,-3.8534996956343157,-5.2857569368162185
1986-08-21,1.0,1986-09-09,-3.3210204166825297,13.0,-3.1932884158673174,-3.4711492860457582,-7.039455701488251
1986-09-10,-1.0,1986-09-16,6.1090867878668575,5.0,-0.07393052559526436,0.0,-7.113386227083515
1986-09-17,1.0,1987-10-15,21.63131275645689,274.0,-6.128000979213131,-7.653142861306021,-7.488416351031886
1987-10-16,-1.0,1987-10-20,20.338188196179942,3.0,1.7042949779373089,0.0,-5.458317503512603
1987-10-21,1.0,1987-10-23,-7.524242765863276,3.0,-7.5242427658632804,-6.898269615642646,-7.5242427658632804
1987-10-26,-1.0,1987-10-26,-0.5693343547246155,1.0,-0.5264962557256697,0.0,-8.05073902158895
1987-10-27,1.0,1987-11-02,5.800070755817055,5.0,-5.4178684588774155,-1.587336928633719,-13.468607480466366
1987-11-03,-1.0,1987-11-11,0.648926426166363,7.0,-1.9052938083616824,-1.8992044895131006,-4.622910633751876
1987-11-12,1.0,1987-12-04,-10.97435989110772,16.0,-10.745398996671284,-9.633321888305604,-12.831724729637026
1987-12-07,-1.0,1987-12-14,-5.123027413306403,6.0,-4.465654637807082,-4.93893647553875,-17.29737936744411
1987-12-15,1.0,1989-10-27,29.213545368118798,474.0,-0.7524846190124612,-8.125163248517966,-18.049863986456568
1989-10-30,-1.0,1989-12-01,-0.58067754247495,24.0,-0.541435350492693,-2.0544859459796445,-7.29943598110266
1989-12-04,1.0,1989-12-15,-3.078526523412095,10.0,-2.853811450674326,-3.1737818849097046,-10.153247431776986
1989-12-18,-1.0,1989-12-29,-2.5959391839505574,9.0,-2.332367055425587,-4.552871784184632,-12.485614487202573
1990-01-02,0.0,1990-01-03,0.41896082731447404,2.0,0.3666509935635956,0.0,-12.118963493638978
1990-01-04,1.0,1990-01-11,-2.502056276282727,6.0,-2.1988329895697363,-2.276444053404232,-14.317796483208713
1990-01-12,-1.0,1990-02-01,4.10417013058042,15.0,-0.8538717512711375,-1.5562462883582329,-15.171668234479851
1990-02-02,1.0,1990-04-10,2.8526192593140154,47.0,-0.07766646971485575,-2.944725300022604,-10.878919548964253
1990-04-11,-1.0,1990-04-20,1.6938765744228368,7.0,-0.7567938568081702,-0.7322770446558349,-9.013546302329432
1990-04-23,1.0,1990-08-02,1.8074271573500278,72.0,-1.9467860238156867,-8.711056781165922,-8.649521090396862
1990-08-03,-1.0,1990-08-09,1.153756976228948,5.0,0.10211151648358424,-2.885997193434836,-8.547409573913276
1990-08-10,1.0,1990-08-23,-12.616168551850071,10.0,-11.657900080562854,-12.37463725727656,-19.253458647721594
1990-08-24,-1.0,1990-11-12,7.417666547693735,56.0,0.0,-6.212587019167732,-19.253458647721594
1990-11-13,1.0,1991-06-19,37.600040745910704,151.0,-1.0971765312428265,-6.563709689842975,-7.205066016538455
1991-06-20,-1.0,1991-07-15,-2.915431373208077,17.0,-2.767795981993266,-4.755447921448446,-7.831725545610829
1991-07-16,1.0,1992-04-08,15.27641697521207,187.0,-3.1871665506030427,-11.151266313841935,-11.018892096213872
1992-04-09,-1.0,1992-04-13,-1.7904750638812361,3.0,-1.5931845485825324,-0.6865973456875409,-12.612076644796405
1992-04-14,1.0,1992-04-14,-0.36600175684732283,1.0,-0.31984133475244647,0.0,-12.931917979548851
1992-04-15,-1.0,1992-04-23,4.730615657437398,6.0,0.6197484357406469,-0.5070983821485311,-12.312169543808205
1992-04-24,1.0,1992-05-12,1.2088287246248886,13.0,-2.621585698689076,-2.171634725414049,-11.434647357548055
1992-05-13,-1.0,1992-05-20,0.35802541564298185,6.0,0.0010533394525003015,-0.9799405734163247,-7.7097144156327815
1992-05-21,1.0,1994-03-29,30.412129911961493,470.0,-4.827388219058133,-9.01379329872352,-12.207737066804874
1994-03-30,-1.0,1994-04-04,1.219542964570497,3.0,-1.0195248784474766,0.0,-7.038821960919299
1994-04-05,1.0,1994-06-20,-4.304590470161118,53.0,-5.7747030563347,-6.52011122505599,-10.64786508832192
1994-06-21,-1.0,1994-07-14,-1.087645582996577,17.0,-0.9901057138217138,-3.815253011955884,-9.958088547545612
1994-07-15,0.0,1994-07-15,-0.03139695074030335,1.0,-0.028270414584347092,0.0,-9.986358962129959
1994-07-18,-1.0,1994-07-18,-0.06385460178158775,1.0,-0.0574778520338326,0.0,-10.043836814163793
1994-07-19,0.0,1994-07-19,-0.03088979363286004,1.0,-0.02778727316814361,0.0,-10.071624087331935
1994-07-20,1.0,1994-12-09,-0.0922005423993677,101.0,-0.9471348109931319,-7.84100678556544,-11.018758898325068
1994-12-12,-1.0,1994-12-30,-4.561738054545228,14.0,-4.098514605807768,-4.645598368976088,-14.25305314350222
1995-01-03,1.0,1995-12-19,36.477728349210416,245.0,-0.8322662555787508,-7.875857904206662,-15.085319399080971
1995-12-20,-1.0,1996-01-02,-1.9842773137328185,8.0,-1.904140193474694,-3.272084843596148,-5.942745065058816
1996-01-03,1.0,1996-01-10,-6.034293003210323,6.0,-5.675690353550845,-5.299142683864769,-11.61843541860966
1996-01-11,-1.0,1996-01-11,-0.1871276276177669,1.0,-0.16538632505262024,0.0,-11.78382174366228
1996-01-12,1.0,1996-01-15,-2.6800100407371574,2.0,-2.364202434824446,-1.9264219125538697,-14.148024178486725
1996-01-16,-1.0,1996-01-16,0.3814412773539333,1.0,0.32747487320717306,0.0,-13.820549305279552
1996-01-17,1.0,1996-01-19,3.9535591824277017,3.0,1.653594233637036,0.0,-12.166955071642517
1996-01-22,-1.0,1996-01-24,-2.234819825016998,3.0,-2.0020992377283178,-1.509373899175101,-12.415492956701005
1996-01-25,1.0,1996-03-08,1.532748831688302,31.0,-0.9579837537926877,-4.8723335517835835,-13.373476710493692
1996-03-11,-1.0,1996-03-18,-4.526058255907617,6.0,-4.0248859039982365,-3.9156395425320873,-15.097928352253076
1996-03-19,0.0,1996-03-20,-0.37315257569318083,2.0,-0.3168142671704399,0.0,-15.414742619423516
1996-03-21,-1.0,1996-04-01,-0.37459704090945234,8.0,-0.3168538711932706,-1.8215192316039945,-15.731596490616786
1996-04-02,0.0,1996-04-08,-0.14780990412450734,4.0,-0.12455704643446752,0.0,-15.856153537051254
1996-04-09,-1.0,1996-04-09,0.1691797947821705,1.0,0.14235438676783174,0.0,-15.713799150283423
1996-04-10,0.0,1996-04-10,-0.004634112572188265,1.0,-0.0039059174301830923,0.0,-15.717705067713606
1996-04-11,-1.0,1996-04-15,-0.49308666609855223,3.0,-0.4155847581929689,-1.1824633476720554,-16.133289825906573
1996-04-16,0.0,1996-04-16,-0.728640478286513,1.0,-0.6110867981356877,0.0,-16.74437662404226
1996-04-17,1.0,1996-06-19,4.831744827369722,45.0,-0.27248454965797253,-5.580478364600965,-17.016861173700235
1996-06-20,-1.0,1996-07-01,-1.2128317730458416,8.0,-1.0585392281039359,-3.696778457052334,-13.780216576183935
1996-07-02,1.0,1996-07-02,-0.471478257964586,1.0,-0.4065075329074491,0.0,-14.186724109091383
1996-07-03,-1.0,1996-07-12,7.308093775452251,7.0,0.6719444936285179,-0.38101729647949695,-13.514779615462865
1996-07-15,1.0,1996-07-15,-3.7703379066902243,1.0,-3.4719002242852848,0.0,-11.387309659481499
1996-07-16,-1.0,1996-07-18,-5.435689026922286,3.0,-4.816710285300192,-5.2750768007267155,-16.20401994478169
1996-07-19,1.0,1996-07-19,-0.5733630298438763,1.0,-0.480455170131977,0.0,-16.68447511491367
1996-07-22,-1.0,1996-08-01,-0.399018405281526,9.0,-0.3324442787483922,-4.980781997735016,-17.01691939366206
1996-08-02,1.0,1997-03-20,12.393111727078976,160.0,0.08091787821997154,-10.118110366321034,-16.93600151544209
1997-03-21,-1.0,1997-04-02,5.240399790381711,8.0,-0.11635913584538832,-2.0535987292026676,-9.336643991482728
1997-04-03,1.0,1997-10-17,39.13367602428568,139.0,-0.06172293249914716,-4.510869227188987,-4.5247877860022125
1997-10-20,-1.0,1997-10-28,4.786016322248976,7.0,-1.7033858017989851,-3.732345050971026,-6.228173587801197
1997-10-29,1.0,1997-10-31,-2.0111667799585953,3.0,-3.30153440960716,-2.03602587264782,-7.044959779470131
1997-11-03,-1.0,1997-11-03,-0.31166000711827513,1.0,-0.29395988281138846,0.0,-5.973265505161714
1997-11-04,1.0,1997-11-07,-1.3907745064250188,4.0,-1.3076998525781605,-2.117065296987953,-7.280965357739874
1997-11-10,-1.0,1997-11-20,-0.6253317456052065,9.0,-0.5798015578367663,-5.020796943464526,-7.86076691557664
1997-11-21,1.0,1997-12-11,-5.403789944382542,14.0,-4.9790106122472295,-5.623589532288697,-12.83977752782387
1997-12-12,-1.0,1998-01-08,0.8577752639417291,18.0,-1.402552581656219,-5.882166176412856,-14.24233010948009
1998-01-09,1.0,1998-05-26,14.228467588181037,94.0,-2.9836038596591368,-7.310531418771263,-15.075742559120092
1998-05-27,-1.0,1998-06-23,-5.8429495496508,20.0,-5.418631576257761,-7.108925340198607,-12.68068252821955
1998-06-24,1.0,1998-07-30,2.397965613045172,26.0,-0.5123266704178148,-6.500302000823539,-13.193009198637364
1998-07-31,-1.0,1998-08-05,6.811299891191425,4.0,2.1949920988094824,-0.12306355203280318,-8.391803222891017
1998-08-06,1.0,1998-08-10,3.8775371938202907,3.0,3.1891772194094767,-0.4061846777969772,-1.30741658932725
1998-08-11,-1.0,1998-08-18,-4.9721315930349235,6.0,-4.932682019181918,-3.5541436912572015,-5.726095731487167
1998-08-19,1.0,1998-08-21,-4.99385940995497,3.0,-4.707906239445069,-2.4486276894499786,-10.434001970932236
1998-08-24,-1.0,1998-08-31,17.212309062316766,6.0,0.549020439520162,-0.40403914177983263,-9.884981531412073
1998-09-01,1.0,1998-09-04,3.362206948275248,4.0,-1.6425077138706168,-1.638776760933645,-1.6425077138706168
1998-09-08,-1.0,1998-09-15,-7.117152118331882,6.0,-7.000252345780375,-5.943932071680052,-8.642760059650993
1998-09-16,1.0,1998-09-30,0.13265240725843785,11.0,-2.448394691215344,-3.810278801563753,-11.091154750866336
1998-10-01,-1.0,1998-10-08,12.570602853156254,6.0,0.9240928403246806,-0.15292766806353703,-7.597479641340568
1998-10-09,1.0,1998-10-16,10.444783751210874,6.0,-2.3534978488979226,-2.360356378501271,-2.3534978488979226
1998-10-19,-1.0,1998-10-22,-5.391927187257517,4.0,-5.391927187257506,-3.960063483445947,-5.391927187257506
1998-10-23,0.0,1998-10-29,0.20153066031480815,5.0,0.19066427385064644,0.0,-5.20126291340686
1998-10-30,1.0,1999-02-10,30.487913736822048,70.0,-2.776952958158256,-7.955689360111104,-7.978215871565117
1999-02-11,-1.0,1999-02-11,-1.64008883248552,1.0,-1.5092390049443933,0.0,-9.48745487650951
1999-02-12,0.0,1999-02-12,1.2780676413817194,1.0,1.1568115506143575,0.0,-8.330643325895153
1999-02-16,-1.0,1999-02-19,3.3184514685024924,4.0,1.8484306875920633,-1.4157446252625847,-6.482212638303089
1999-02-22,1.0,1999-03-23,-0.262599307495448,22.0,-1.8441241368383696,-7.133357195371795,-7.132764350014872
1999-03-24,-1.0,1999-03-24,-1.6408572820088452,1.0,-1.5238187987631004,0.0,-8.656583148777973
1999-03-25,1.0,1999-04-19,-4.9285994998592875,17.0,-4.501951186083692,-11.253534650316714,-13.158534334861665
1999-04-20,-1.0,1999-04-22,-8.239750344299047,3.0,-7.155519966137574,-6.278593310041584,-20.31405430099924
1999-04-23,1.0,1999-04-28,-1.1234531348892407,4.0,0.0,0.0,-20.31405430099924
1999-04-29,-1.0,1999-05-26,6.16002140432963,20.0,0.0,-2.6442139295343683,-20.31405430099924
1999-05-27,1.0,1999-06-14,-0.13748938223197005,12.0,-2.9599945104114664,-5.311903074682682,-5.313060935033544
1999-06-15,-1.0,1999-06-16,-6.250742861474945,2.0,-5.918637084352524,-5.26485427676596,-11.231698019386068
1999-06-17,1.0,1999-07-27,8.040242155097355,28.0,2.2728102436843924,-8.957490623430141,-8.958887775701674
1999-07-28,-1.0,1999-08-05,4.248371801470308,7.0,0.3824223413710137,-1.451693940424178,-6.743965662028044
1999-08-06,1.0,1999-08-19,3.4054494678220415,10.0,-1.8551279066950095,-2.3001317712456517,-5.0358995670235185
1999-08-20,-1.0,1999-08-20,-1.408720157001353,1.0,-1.3763196027423468,0.0,-3.676318938875965
1999-08-23,1.0,1999-09-24,1.7138979467939075,24.0,-1.7771284524796809,-5.451471387931832,-5.453447391355646
1999-09-27,-1.0,1999-10-06,-2.446121288028369,8.0,-2.3157336596032487,-5.987620981334341,-7.646116460457915
1999-10-07,0.0,1999-10-11,-0.621596324334539,3.0,-0.5740683454619879,0.0,-8.220184805919903
1999-10-12,1.0,1999-10-13,-4.858208831326117,2.0,-4.458855087133584,-2.961933901532663,-12.679039893053487
1999-10-14,-1.0,1999-10-28,-2.9441130637560486,11.0,-2.570827793905839,-6.9054958070581165,-15.249867686959325
1999-10-29,0.0,1999-10-29,-2.488988315821661,1.0,-2.1094208909149814,0.0,-17.359288577874306
1999-11-01,1.0,2000-03-01,63.62896558311033,84.0,-0.4485577867510804,-15.467758706710615,-17.807846364625387
2000-03-02,0.0,2000-03-16,0.3863245254172698,11.0,0.0,0.0,0.0
2000-03-17,-1.0,2000-03-23,-7.373231505897704,5.0,-7.6202431374975195,-7.618781662157895,-7.6202431374975195
2000-03-24,0.0,2000-03-28,-1.4962466459072954,3.0,-1.3822290135524995,0.0,-9.002472151050018
2000-03-29,-1.0,2000-04-03,10.817243234233587,4.0,4.243552688703059,-1.9131352624882698,-4.7589194623469595
2000-04-04,1.0,2000-04-12,-11.7969100878218,7.0,-13.715294920460932,-13.71481075998686,-13.715294920460932
2000-04-13,-1.0,2000-04-18,1.7258051792748752,4.0,1.489105909184757,-11.047815972867076,-12.226189011276176
2000-04-19,1.0,2000-04-19,-4.174249203788715,1.0,-3.6638976063318287,0.0,-15.890086617608004
2000-04-20,-1.0,2000-05-01,-3.599066241751414,7.0,-3.027171498512055,-11.555413076413453,-18.91725811612006
2000-05-02,1.0,2000-05-02,-1.185306742071468,1.0,0.0,0.0,-18.91725811612006
2000-05-03,-1.0,2000-05-12,0.0,8.0,0.0,0.0,-18.91725811612006
2000-05-15,1.0,2000-05-18,0.0,4.0,0.0,0.0,-18.91725811612006
2000-05-19,-1.0,2000-05-24,4.936485918211342,4.0,-4.9511449327189965,-4.950838282573021,-4.9511449327189965
2000-05-25,1.0,2000-07-27,13.41861645641158,44.0,-4.7527570480016035,-9.70469596083635,-9.7039019807206
2000-07-28,-1.0,2000-08-01,4.585056141871902,3.0,2.973201866371425,-2.7102107906341733,-6.730700114349175
2000-08-02,1.0,2000-09-12,4.381440195784503,29.0,-5.398166884228102,-10.961127560593937,-10.961942076845045
2000-09-13,-1.0,2000-09-21,1.4652355372555714,7.0,-5.3943473361441505,-5.242864592438639,-16.356289412989195
2000-09-22,1.0,2000-09-29,1.3652485025623884,6.0,1.2334020201997975,-4.586120345765222,-8.423922790272991
2000-10-02,-1.0,2000-10-04,6.860610582737059,3.0,5.1218751406872185,-1.6842810301716618,-3.302047649585773
2000-10-05,1.0,2000-10-20,1.6050560021662497,12.0,-11.314958232481827,-12.514496153105023,-13.456202978448841
2000-10-23,0.0,2000-10-23,-0.16476776594419595,1.0,-0.16382767205184037,0.0,-0.7343845931687768
2000-10-24,-1.0,2000-11-02,5.127872864165162,8.0,-4.72640093961618,-5.539776287846037,-5.460785532784957
2000-11-03,0.0,2000-11-08,-0.9838618163026669,4.0,-0.9301352325754138,0.0,-6.390920765360371
2000-11-09,-1.0,2000-12-01,14.180387510680292,16.0,-3.2643574059190503,-7.1472151726887905,-9.65527817127942
2000-12-04,1.0,2000-12-05,10.046697271644621,2.0,1.1731527948123452,0.0,-0.0411183148631676
2000-12-06,-1.0,2000-12-08,3.4965293053125013,3.0,-2.009079465491504,-2.008978990170894,-2.009079465491504
2000-12-11,1.0,2000-12-13,-9.739759256720781,3.0,-9.544079753505711,-7.715626626230092,-11.553159218997216
2000-12-14,-1.0,2000-12-21,17.757683115227675,6.0,3.724195936124762,-0.4037881995659109,-7.828963282872453
2000-12-22,1.0,2001-01-08,-2.372297893655828,10.0,-12.793596905365574,-13.269448242133725,-13.197400014630126
2001-01-09,-1.0,2001-01-09,1.7062963646082618,1.0,1.5645380337761319,0.0,-6.743416772461612
2001-01-10,1.0,2001-02-09,2.1829965334855927,22.0,-10.027951607044624,-16.84029333773254,-16.771368379506235
2001-02-12,-1.0,2001-02-14,-2.8084505335468246,3.0,-1.4793144928956503,-1.0496665922418535,-18.250682872401885
2001-02-15,1.0,2001-03-02,0.0,11.0,0.0,-0.08333333333334787,-18.250682872401885
2001-03-05,-1.0,2001-04-10,19.957756167920525,27.0,9.093359969585773,-9.16438697824011,-9.15732290281611
2001-04-11,1.0,2001-05-31,1.1787950775076217,35.0,-8.134898558103655,-12.967488957241684,-17.292221460919766
2001-06-01,-1.0,2001-06-05,-3.3938938886655667,3.0,-2.973728720916316,-4.465794433204051,-15.353761259719862
2001-06-06,0.0,2001-06-11,-0.5544835731486009,4.0,-0.46934948910299645,0.0,-15.823110748822858
2001-06-12,-1.0,2001-06-18,6.147656416369962,5.0,-1.7163749551131673,-0.7192433885303999,-17.539485703936027
2001-06-19,1.0,2001-07-06,-6.698364443607208,13.0,-5.98510887835174,-8.862028410386417,-16.633313694023965
2001-07-09,-1.0,2001-07-12,-3.5694226943606577,4.0,-2.9757094205419636,-7.165255559194763,-19.60902311456593
2001-07-13,0.0,2001-07-16,0.5261335810827328,2.0,0.0,0.0,-19.60902311456593
2001-07-17,-1.0,2001-07-17,0.0,1.0,0.0,0.0,-19.60902311456593
2001-07-18,0.0,2001-07-18,0.0,1.0,0.0,0.0,-19.60902311456593
2001-07-19,-1.0,2001-07-19,0.0,1.0,0.0,0.0,-19.60902311456593
2001-07-20,0.0,2001-07-20,0.0,1.0,0.0,0.0,-19.60902311456593
2001-07-23,-1.0,2001-08-01,0.0,8.0,0.0,-0.08333333333330971,-19.60902311456593
2001-08-02,0.0,2001-08-06,0.0,3.0,0.0,0.0,0.0
2001-08-07,-1.0,2001-08-24,6.568094817316283,14.0,-5.4484301196370835,-5.448518128450633,-5.4484301196370835
2001-08-27,1.0,2001-09-05,-10.049739802063462,7.0,-9.50218675174269,-10.290533246559983,-14.950616871379774
2001-09-06,-1.0,2001-10-04,8.027291749885745,17.0,0.08691072718337856,-7.61613903427651,-14.863706144196396
2001-10-05,1.0,2002-01-23,24.887150323539387,75.0,-4.717334295192472,-12.912023883043918,-12.84078905135983
2002-01-24,-1.0,2002-01-31,2.405466398835965,6.0,0.8958815771832968,-1.4110027904624143,-9.54454218871362
2002-02-01,1.0,2002-03-25,-15.84303501071902,36.0,-11.553697088136552,-15.545411229409305,-19.839795340782224
2002-03-26,-1.0,2002-03-26,-1.7552414995121834,1.0,-1.6671049258676316,0.0,-6.688440945386709
2002-03-27,1.0,2002-04-02,-0.8378961238447724,4.0,-0.7818539364177437,-4.516938649563353,-7.470294881804453
2002-04-03,-1.0,2002-06-06,18.853802676641962,46.0,-2.6284706352264573,-10.10654783016458,-10.098765517030909
2002-06-07,1.0,2002-06-19,1.6971040287557138,9.0,-5.359233731668782,-5.788958133151442,-5.788968434521166
2002-06-20,-1.0,2002-06-25,6.324238534626114,4.0,2.5123158177749265,-1.776393314291112,-3.2766526167462393
2002-06-26,1.0,2002-07-01,4.821352996748418,4.0,-5.18943842485962,-5.268802063361211,-5.18943842485962
2002-07-02,-1.0,2002-07-02,1.5700064847749218,1.0,1.4885319649812254,0.0,-3.7009064598783947
2002-07-03,1.0,2002-07-09,3.7213453944044295,4.0,-2.6772815000003987,-6.37805036437585,-6.378187959878794
2002-07-10,-1.0,2002-07-24,6.853207128788741,11.0,-1.2907941120476607,-6.712528070851012,-7.668982071926454
2002-07-25,1.0,2002-09-04,-0.8118812347446047,29.0,-9.030388052506664,-13.529174193168883,-13.45547984469243
2002-09-05,-1.0,2002-09-24,-9.07942209164011,14.0,-6.073925924438223,-8.64147359789727,-19.185373614010686
2002-09-25,1.0,2002-10-03,-0.8076939311849385,7.0,0.0,-5.660367124152961,-19.185373614010686
2002-10-04,-1.0,2002-10-04,3.7686230841952773,1.0,3.555304710028895,0.0,-2.1050749405919107
2002-10-07,1.0,2003-01-27,21.535211208534676,77.0,-10.859643984200682,-13.075944870505788,-12.964718924792592
2003-01-28,-1.0,2003-02-12,4.810788840661417,12.0,-0.5353301247071951,-1.4949102836542365,-12.92860138339319
2003-02-13,1.0,2003-03-10,0.5142705557563243,17.0,0.2043642235524168,-4.989723595561323,-7.974332305177938
2003-03-11,-1.0,2003-03-13,-6.329079773583768,3.0,-5.841330088861772,-7.486390274958671,-13.547816689927775
2003-03-14,1.0,2003-10-02,28.562364489976378,141.0,-2.0740216692425815,-7.144717035798423,-15.621838359170356
2003-10-03,-1.0,2003-10-07,-0.6720914557095004,3.0,-0.6427191554391531,-1.3732755806057502,-5.013002399008782
2003-10-08,0.0,2003-10-08,-0.5053816570339542,1.0,-0.480046862442679,0.0,-5.4930492614514606
2003-10-09,1.0,2003-11-19,-2.0308308257858343,30.0,-2.8123731083877264,-5.731685162104761,-8.305422369839187
2003-11-20,-1.0,2003-12-01,-6.675026881687929,7.0,-6.180252158696581,-6.030103919419286,-13.592577708256707
2003-12-02,0.0,2003-12-02,0.22813316513208282,1.0,0.19712398738320758,0.0,-13.3954537208735
2003-12-03,1.0,2003-12-09,-3.958571486635598,5.0,-3.4283028751356417,-3.3677973776846692,-16.82375659600914
2003-12-10,-1.0,2003-12-11,-2.1602958495590796,2.0,-1.7968529340755794,-2.149493209874832,-18.62060953008472
2003-12-12,1.0,2003-12-15,-0.050649017953985354,2.0,0.0,0.0,-18.62060953008472
2003-12-16,-1.0,2003-12-18,0.0,3.0,0.0,0.0,-18.62060953008472
2003-12-19,1.0,2004-02-04,-0.6951791741320323,31.0,0.0,-5.934503700074702,-18.62060953008472
2004-02-05,-1.0,2004-02-24,0.8681346589197503,13.0,-2.3441222280165825,-3.038146228861392,-8.200514898530217
2004-02-25,1.0,2004-02-27,0.1528511781711428,3.0,0.14514885539024108,-0.3558112626875998,-4.893950530738801
2004-03-01,-1.0,2004-03-01,-0.7510804957998829,1.0,-0.7143229878894132,0.0,-5.608273518628214
2004-03-02,1.0,2004-03-02,-0.8191365002706896,1.0,-0.7731970848445874,0.0,-6.381470603472801
2004-03-03,-1.0,2004-03-04,-1.0218456431298706,2.0,-0.9566368638006681,-0.9293119280140291,-7.338107467273469
2004-03-05,1.0,2004-03-05,1.4693935489843435,1.0,1.361567871242688,0.0,-5.976539596030781
2004-03-08,-1.0,2004-03-11,5.089714739394435,4.0,2.475385801975364,0.0,-3.5011537940554174
2004-03-12,1.0,2004-03-15,-1.6528104407153466,2.0,-1.6331252423716776,-1.753620812586578,-2.824138915732987
2004-03-16,-1.0,2004-03-17,-0.5274488423275936,2.0,-0.5125529543108166,-1.5599811299461548,-3.3366918700438037
2004-03-18,1.0,2004-03-19,-1.4228424806788098,2.0,-1.3753666113024698,-1.6684161165598894,-4.712058481346274
2004-03-22,-1.0,2004-03-25,-3.003706480256174,4.0,-2.8621700742985032,-3.7410090071199784,-7.574228555644777
2004-03-26,1.0,2004-03-30,1.8059426900240982,3.0,-0.13736670788386668,0.0,-7.711595263528643
2004-03-31,-1.0,2004-04-02,-3.298148648810173,3.0,-3.1033905933785544,-3.5042133969181433,-9.008462685925632
2004-04-05,1.0,2004-04-15,-2.1126543308166545,8.0,-1.9223366537424222,-3.4678406522511245,-10.930799339668054
2004-04-16,-1.0,2004-04-19,-0.8145955752994816,2.0,-0.7255537675336932,-1.2122634557185141,-11.656353107201747
2004-04-20,1.0,2004-04-20,-2.809386071075093,1.0,-2.481914110486047,0.0,-14.138267217687794
2004-04-21,-1.0,2004-04-30,3.7463014588255072,8.0,-2.65500571448532,-3.4080834157155815,-16.793272932173114
2004-05-03,1.0,2004-05-05,0.8515900865645687,3.0,-0.33206206463746585,0.0,-11.253689934528634
2004-05-06,-1.0,2004-05-06,-0.9684084286518457,1.0,-0.8699886415181657,0.0,-11.03303392507624
2004-05-07,1.0,2004-07-09,2.3437752759215336,43.0,-1.3021476609454172,-5.4055329813062905,-12.335181586021656
2004-07-12,-1.0,2004-07-21,2.7293520457349896,8.0,-0.5710872024036375,-2.2723440745269654,-9.518935372878321
2004-07-22,1.0,2005-01-06,10.940666882224303,118.0,-5.67721447898427,-7.122386534519435,-12.13992888081407
2005-01-07,-1.0,2005-03-10,3.2192069391492995,43.0,0.08542572040440219,-4.000211601705279,-5.1764893371943685
2005-03-11,1.0,2005-03-29,-4.810213097514171,12.0,-4.692847581442306,-3.4546366418903904,-7.132771004637712
2005-03-30,0.0,2005-04-01,0.4791903046274415,3.0,0.44501075752194086,-0.083333333333338,-6.687760247115772
2005-04-04,1.0,2005-10-12,3.4009669991247993,135.0,-4.006816236105952,-6.61764891561621,-10.694576483221724
2005-10-13,-1.0,2005-10-24,-4.601117779644404,8.0,-4.303794725471908,-3.7150839583668196,-10.765769150205367
2005-10-25,1.0,2006-05-16,2.127593860962951,140.0,-2.2853538406232583,-8.059625849406856,-13.051122990828626
2006-05-17,-1.0,2006-08-16,2.2431322883238014,64.0,-0.5849955196687227,-6.712629441539495,-9.45222265243642
2006-08-17,1.0,2007-07-31,23.924868005821654,239.0,-0.5189619461153427,-7.278039804365596,-7.34196042545333
2007-08-01,-1.0,2007-08-08,-3.385112858286532,6.0,-3.197429800680836,-2.999468102996111,-8.741796132404316
2007-08-09,1.0,2007-08-09,0.391946990460057,1.0,0.35768378360696435,0.0,-8.384112348797352
2007-08-10,-1.0,2007-08-10,-1.2468628819849559,1.0,-1.1423244971238768,0.0,-9.526436845921229
2007-08-13,1.0,2007-10-23,12.6218657819682,51.0,-4.9980128989510195,-4.513343398379207,-14.524449744872248
2007-10-24,-1.0,2007-10-31,-3.2326931768403067,6.0,-3.6391118662403534,-3.719418114574685,-3.6391118662403534
2007-11-01,1.0,2007-11-07,-1.815269774449646,5.0,-1.7492100766833745,-2.4325634440579056,-5.388321942923728
2007-11-08,-1.0,2007-11-14,5.283378759832935,5.0,1.894459845883982,-3.4938668994336584,-3.493862097039746
2007-11-15,1.0,2007-11-15,-0.23688584976464533,1.0,-0.2312858536011035,0.0,-2.595292048613095
2007-11-16,-1.0,2007-11-23,1.2824709185098149,5.0,0.3889428707411512,-1.0394341671137424,-2.206349177871944
2007-11-26,1.0,2007-12-17,-0.7829011110929818,16.0,-4.001854248665265,-5.348219932169185,-5.347959244542402
2007-12-18,-1.0,2007-12-19,1.7089670690001224,2.0,1.59853904244023,0.0,-3.7494202021021716
2007-12-20,1.0,2008-01-03,-1.442938486162848,9.0,-1.7827202226494692,-4.060880412935056,-5.513107260544546
2008-01-04,-1.0,2008-01-09,2.0941398179547654,4.0,1.0872528180344176,-1.8982200939360194,-4.032245515770858
2008-01-10,1.0,2008-01-28,-5.697114912501721,12.0,-6.219265914627746,-8.325821031022617,-9.351833883565963
2008-01-29,-1.0,2008-03-31,2.373489847272836,43.0,-1.6852394018047347,-7.47363255214038,-10.336456286342063
2008-04-01,1.0,2008-04-11,-1.8040117534029565,9.0,-1.68705653866046,-3.444933990551844,-8.170119330344981
2008-04-14,-1.0,2008-04-16,-2.8176790494212955,3.0,-2.5874713087374586,-2.9104637008563525,-10.75759063908244
2008-04-17,1.0,2008-06-23,3.4318266673055264,47.0,-0.43544378563408204,-6.923786606435847,-11.193034424716522
2008-06-24,-1.0,2008-07-01,1.6605462233985069,6.0,-1.9200840710808784,-1.6228344198266946,-9.615029907169385
2008-07-02,1.0,2008-09-04,-5.312140427244582,45.0,-4.984796892045063,-9.586842735383442,-11.14697463720878
2008-09-05,-1.0,2008-09-09,0.9910749200370494,3.0,-1.154508075612165,0.0,-12.301482712820945
2008-09-10,1.0,2008-09-23,-6.289056355661038,10.0,-6.3895775463658655,-7.775277285862163,-16.655952133509867
2008-09-24,-1.0,2008-10-02,10.558526383130218,7.0,-0.9665293710888034,-2.570717918846459,-16.876302230425086
2008-10-03,1.0,2008-10-15,-15.399794755309038,9.0,-12.577776288962578,-11.771361800991684,-19.60886033001774
2008-10-16,-1.0,2008-10-22,0.0,5.0,0.0,0.0,-19.60886033001774
2008-10-23,1.0,2008-11-05,8.02140709385446,10.0,0.0,-5.214817859261381,-19.60886033001774
2008-11-06,-1.0,2008-11-17,8.150758911999478,8.0,-0.629843167814613,-5.1082783851891005,-5.844418401083006
2008-11-18,1.0,2008-11-18,-1.3612807378762248,1.0,-1.3612807378762055,0.0,-1.3612807378762055
2008-11-19,-1.0,2008-11-19,5.608023203893375,1.0,1.3612807378762055,0.0,0.0
2008-11-20,1.0,2008-11-26,11.859890785932325,5.0,-2.5461727455144314,-0.45935832028907886,-2.5461727455144314
2008-11-28,-1.0,2008-12-02,2.890611283629174,3.0,-2.894035056020672,-2.896251568640667,-2.894035056020672
2008-12-03,1.0,2009-02-20,8.652779539765554,54.0,-7.862341004708909,-10.75641589947499,-10.75637606072958
2009-02-23,-1.0,2009-03-03,8.861674550596632,7.0,1.264713589501408,-3.0474865195893837,-7.084425291159313
2009-03-04,1.0,2009-05-14,22.041665086140206,51.0,-5.9057557345990705,-5.84738009063731,-6.133093580044641
2009-05-15,-1.0,2009-05-26,-4.532278615359697,7.0,-4.317626866250984,-4.264685360127805,-9.053693805765167
2009-05-27,1.0,2009-06-22,1.3980743960645192,19.0,-0.11860460053027266,-5.0607814914484965,-9.17229840629544
2009-06-23,-1.0,2009-06-24,-0.9237894471890162,2.0,-0.8518983345325069,-1.6692013820211369,-8.634095119229679
2009-06-25,1.0,2009-07-07,-1.7663773291391016,8.0,-1.6138666303766882,-5.346026885306118,-10.247961749606366
2009-07-08,-1.0,2009-07-15,-5.745460833762728,6.0,-5.156668205180114,-6.358533951487674,-15.404629954786481
2009-07-16,1.0,2009-10-27,15.746070157432213,73.0,1.8036201943255503,-4.230231057489557,-13.601009760460931
2009-10-28,-1.0,2009-10-30,2.510917873219598,3.0,-0.15441218101504284,-1.6289222572532482,-2.394076867667931
2009-11-02,1.0,2010-01-25,7.930996806694712,57.0,-5.21575036418549,-5.215641251871754,-5.21575036418549
2010-01-26,-1.0,2010-02-02,1.223863592222596,6.0,-1.0897254462571615,-1.8828751126294434,-5.983515911418864
2010-02-03,1.0,2010-02-03,1.4598516412581253,1.0,1.4054017999586947,0.0,-2.324418392763179
2010-02-04,-1.0,2010-02-04,1.4024087006456964,1.0,1.369810854866181,0.0,-0.9546075378969979
2010-02-05,1.0,2010-02-10,0.39251223442402505,4.0,-0.4202083573770313,-0.7222506877973266,-1.3748158952740293
2010-02-11,-1.0,2010-02-25,-3.6662035816637517,10.0,-4.2232913542695485,-2.784795586690133,-4.7891336091195145
2010-02-26,1.0,2010-05-06,4.422067522356854,49.0,-3.6070220340542916,-7.895130378782736,-7.8183229415541415
2010-05-07,-1.0,2010-05-11,-4.012147456589322,3.0,-3.797435063013664,-5.020005219838073,-11.615758004567805
2010-05-12,1.0,2010-05-13,-0.882409673352802,2.0,-0.7807844241599776,-1.5889388824466915,-12.297572177255962
2010-05-14,-1.0,2010-05-27,2.5934663388824664,10.0,0.05678737897126529,-3.28991367027269,-12.240784798284697
2010-05-28,1.0,2010-06-24,-1.5091663308020586,19.0,-4.347737396414255,-6.146947794605763,-14.370776629704682
2010-06-25,-1.0,2010-07-14,0.20242231827036772,13.0,0.17938475319021346,-6.372171990932131,-11.201556477470357
2010-07-15,1.0,2010-07-16,-2.330804143020604,2.0,-2.0697178005609382,-2.76194820450822,-13.271274278031294
2010-07-19,-1.0,2010-07-23,-3.3328400538198077,5.0,-2.890529709029277,-3.2066696510695074,-16.161803987060573
2010-07-26,1.0,2010-08-11,-1.7364361821780028,13.0,-1.455796770053988,-3.5683359608254133,-17.61760075711456
2010-08-12,-1.0,2010-08-27,-2.724156260539279,12.0,-2.536419368140366,0.0,-20.154020125254927
2010-08-30,1.0,2011-03-11,25.960408362261322,135.0,0.0,-4.732615453332636,-20.154020125254927
2011-03-14,-1.0,2011-03-17,2.1198825568423896,4.0,-0.7514689552567246,-0.8592838222221775,-4.810494395717649
2011-03-18,1.0,2011-03-21,-0.523863410274239,2.0,-2.3870401882947982,0.0,-4.4122296442034665
2011-03-22,-1.0,2011-03-24,-1.9139631867386986,3.0,-1.865378309959977,-2.3323334146968286,-4.403821949594658
2011-03-25,1.0,2011-05-24,-0.9121826594789662,42.0,-1.407820780869832,-4.554275712074508,-5.81164273046449
2011-05-25,-1.0,2011-06-03,0.10146956412697694,7.0,-3.269513276352139,-2.8751838560372978,-8.54534698524723
2011-06-06,1.0,2011-08-01,2.882043672450574,40.0,-3.9251348497386482,-3.7586024732753125,-9.10485235997523
2011-08-02,-1.0,2011-08-08,11.392620679195797,5.0,0.5987083959147401,-0.921067796852556,-2.587618350805267
2011-08-09,1.0,2011-08-12,3.0778952262796144,4.0,-4.152816116555943,-4.1528011160680816,-4.152816116555943
2011-08-15,-1.0,2011-08-30,-1.8322123776731591,12.0,-8.587036198579186,-8.58702148981275,-8.587036198579186
2011-08-31,0.0,2011-09-01,-0.6485438457910941,2.0,-0.59285315098936,0.0,-9.179889349568548
2011-09-02,-1.0,2011-09-14,-3.282082393863106,8.0,-2.980790861744781,-3.9672535753180123,-12.160680211313329
2011-09-15,0.0,2011-09-16,-1.1582264782152185,2.0,-1.0173782600767247,0.0,-13.178058471390052
2011-09-19,1.0,2011-09-21,-0.9538942493148572,3.0,-0.8281895073849077,-2.1791300340813815,-14.00624797877496
2011-09-22,-1.0,2011-10-06,-5.530473370871003,11.0,-4.365929436280738,-3.7997030048199973,-18.3721774150557
2011-10-07,1.0,2011-10-20,-1.0700372296443383,10.0,0.0,-2.413476032380987,-18.3721774150557
2011-10-21,-1.0,2011-10-21,0.8254443783536125,1.0,0.8055224528273341,0.0,-1.607956401557861
2011-10-24,1.0,2011-11-17,-3.307654664656101,19.0,-3.6687222283631247,-5.357584674693064,-5.276678629920985
2011-11-18,-1.0,2011-11-25,5.279662134633134,5.0,0.7255840540811492,-0.31403574130862955,-4.551094575839836
2011-11-28,1.0,2012-04-18,20.27231648231973,98.0,-4.825864294227524,-5.101272979556916,-5.101471593105589
2012-04-19,-1.0,2012-04-23,1.536458124602147,3.0,0.35669069607215664,0.0,-2.0462965350237403
2012-04-24,1.0,2012-05-04,-0.26814645927834,9.0,-2.8742985903200244,-3.857851899773615,-3.7777485893590903
2012-05-07,-1.0,2012-05-09,-0.6580368827460825,3.0,-1.2875428161006646,0.0,-5.065291405459755
2012-05-10,1.0,2012-05-11,-1.1631822505722367,2.0,-1.1118751365193116,-0.019032493235842968,-5.522801629569074
2012-05-14,-1.0,2012-05-14,-0.8187450196550761,1.0,-0.7735273563675495,0.0,-6.296328985936624
2012-05-15,1.0,2012-05-23,-2.1695707544116094,7.0,-4.597218544728272,-4.037871205242226,-10.893547530664897
2012-05-24,-1.0,2012-06-05,2.5494418984999934,8.0,-0.21256140620843494,-1.2498975758217683,-8.541857834276241
2012-06-06,1.0,2012-07-16,1.8936287370054483,28.0,-0.32656615500850295,-3.8502768989147618,-6.318771257563767
2012-07-17,-1.0,2012-07-26,0.9565804848129966,8.0,-1.7057498776177793,-2.4668098192498777,-5.917796360969941
2012-07-27,1.0,2012-10-10,4.071372573959864,53.0,-1.6472595104613728,-5.021978567677464,-4.943017123671513
2012-10-11,-1.0,2012-10-22,2.798878750248157,8.0,-0.32241864285451893,-2.11348778701117,-5.265435766526032
2012-10-23,1.0,2013-04-22,5.831844492730709,122.0,-4.464805543151724,-5.829599572533725,-6.74729297247066
2013-04-23,-1.0,2013-04-29,-0.9705379843928275,5.0,-0.9534877744741808,-1.1463817257464182,-2.710267024007293
2013-04-30,1.0,2013-06-14,2.640698550473619,33.0,-0.587150937550821,-3.3780234592153624,-3.2974179615581134
2013-06-17,-1.0,2013-06-24,5.064791995057116,6.0,-0.2545606666323044,-0.8254112648486587,-2.9732481288148827
2013-06-25,1.0,2013-06-28,0.31477830046895416,4.0,-1.15044811081483,0.0,-1.15044811081483
2013-07-01,-1.0,2013-07-01,0.6893445400784515,1.0,0.0,0.0,0.0
2013-07-02,1.0,2014-01-29,18.48703951165529,146.0,-4.336524345491421,-4.336579051523036,-4.336524345491421
2014-01-30,-1.0,2014-02-05,2.691146938891542,5.0,0.5357150693526574,-0.7082059892052148,-3.800809276138764
2014-02-06,1.0,2014-03-26,2.5348538759548678,34.0,-2.290063360317781,-4.052301371191951,-4.052143009095643
2014-03-27,-1.0,2014-04-08,0.8642549754709794,9.0,-2.5751000829234885,-3.0054330951197876,-6.627243092019132
2014-04-09,1.0,2014-04-21,-0.18537659234660886,8.0,-3.2161326268933728,-4.224166731696323,-6.4390415080873105
2014-04-22,-1.0,2014-05-09,0.696844067197433,14.0,-0.6060735759329985,-2.0809315825345003,-4.008384530815162
2014-05-12,1.0,2014-05-13,0.48279246884477267,2.0,0.40234692518589626,0.0,-2.326828764535545
2014-05-14,-1.0,2014-05-15,0.6510269836114135,2.0,-0.1275361247490583,0.0,-2.387095600317234
2014-05-16,1.0,2014-10-03,12.35806597919369,98.0,-1.4725102351469457,-3.1766612683076554,-3.095753069000409
2014-10-06,-1.0,2014-10-14,5.888315808532618,7.0,0.23069359617544846,-1.873416836264607,-1.873415380572569
2014-10-15,1.0,2014-12-16,10.650640095630258,44.0,-5.678543637407203,-5.688326690640439,-5.688162585033739
2014-12-17,-1.0,2014-12-18,-4.1708364622231375,2.0,-3.9335925030960213,-2.4933630356620684,-9.62175508812976
2014-12-19,0.0,2014-12-26,0.2705405804526606,5.0,0.24450982838748747,0.0,-9.377245259742272
2014-12-29,1.0,2015-01-05,-3.400821071699378,5.0,-3.081917738961147,-3.49838291533991,-12.45916299870342
2015-01-06,-1.0,2015-01-14,0.7190840602301352,7.0,-1.390080575558046,-3.1343855696879594,-13.849243574261466
2015-01-15,1.0,2015-01-27,-0.4285724594345397,8.0,-1.9258915826729797,-2.7048011276365345,-13.755562376308042
2015-01-28,-1.0,2015-02-03,1.7140975732477415,5.0,1.504848348500075,-2.0220008369229316,-10.702696193506215
2015-02-04,1.0,2015-03-16,4.434392097888762,28.0,0.5510949327155595,-3.903779435229153,-10.151601260790656
2015-03-17,-1.0,2015-03-20,-2.2985602475718236,4.0,-2.143570545662948,-1.567389006723243,-8.886474155546265
2015-03-23,1.0,2015-03-25,-2.8135070968828613,3.0,-2.5634855158539067,-2.640302396654097,-11.449959671400173
2015-03-26,-1.0,2015-03-30,-2.893826120352039,3.0,-2.562484196611281,-1.5667186816007546,-14.012443868011454
2015-03-31,1.0,2015-04-02,-0.920567332438138,3.0,-0.8483058626203382,-0.520931669521262,-14.860749730631792
2015-04-06,-1.0,2015-04-22,-3.5895082216847674,13.0,-3.2432916464253614,-1.9775324752411962,-18.047308866149812
2015-04-23,1.0,2015-08-20,-0.551330788346549,84.0,0.0,-6.131873066689063,-18.047308866149812
2015-08-21,-1.0,2015-08-26,0.9224587388071193,4.0,0.8666160819196183,-4.371320616376786,-5.18705922497876
2015-08-27,1.0,2015-09-10,-0.9792950865099348,10.0,-4.451721503810908,-4.441993425020435,-9.638780728789667
2015-09-11,-1.0,2015-10-01,1.684149682248326,15.0,-2.809460969367561,-2.592788670051679,-8.92501866473171
2015-10-02,1.0,2016-01-04,9.922797441071562,64.0,-0.3804704809940617,-4.995872148581017,-4.914873639604083
2016-01-05,-1.0,2016-01-11,5.667532106798956,5.0,1.0645859442007493,-0.2757969984720581,-3.850287695403334
2016-01-12,1.0,2016-01-25,-3.808414813689598,9.0,-5.1865459570350065,-4.531269708148386,-5.462344722456491
2016-01-26,-1.0,2016-01-29,-1.0770682827459188,4.0,-1.0331916442101943,-3.4718100692747376,-5.10690166228297
2016-02-01,1.0,2016-02-02,-0.9833852948899602,2.0,-0.9331647749185767,-2.1604613413145555,-6.040066437201547
2016-02-03,-1.0,2016-02-10,6.636130994218781,6.0,1.6638053011687324,-0.33852141004317526,-4.376261136032815
2016-02-11,1.0,2016-05-04,11.189582388896401,58.0,-5.217509632399294,-5.634576509907975,-5.556029540231519
2016-05-05,-1.0,2016-05-26,-3.6098558642690293,16.0,-3.4092912060904803,-4.291197173401564,-8.965320746321998
2016-05-27,1.0,2016-06-24,-4.975356694117883,20.0,-4.529300008216615,-5.688173374019238,-13.494620754538614
2016-06-27,-1.0,2016-06-29,-3.299858300271097,3.0,-2.8545549372123418,-3.8975070237806144,-16.349175691750954
2016-06-30,0.0,2016-07-05,-0.19960317192226906,3.0,-0.1669696986583924,0.0,-16.51614539040935
2016-07-06,1.0,2016-10-31,9.399744767508533,83.0,1.0636487942854989,-3.08683402621754,-15.452496596123849
2016-11-01,-1.0,2016-11-08,0.1992678504520562,6.0,0.18199356731948557,-2.8669917394842104,-8.486882567710413
2016-11-09,1.0,2016-11-10,1.0890165913199246,2.0,0.9965930320717159,-1.6262431988379382,-7.490289535638698
2016-11-11,-1.0,2016-11-15,-1.3098502737662887,3.0,-1.2117386957778393,-1.3727688244931164,-8.702028231416536
2016-11-16,1.0,2018-02-05,37.289281752405245,306.0,0.23577190541833604,-7.572012828407418,-8.4662563259982
2018-02-06,-1.0,2018-02-08,-0.00779402687978159,3.0,-5.190585382274379,0.0,-12.684833647659552
2018-02-09,1.0,2018-03-19,5.899659880493635,26.0,-1.0171475387387843,-4.009631855034899,-8.518605727279494
2018-03-20,-1.0,2018-04-17,0.642207985586607,20.0,-1.914385710367191,-5.928826147341101,-5.9240276367075815
2018-04-18,0.0,2018-04-19,-0.01975340772883971,2.0,-0.01858321039578878,0.0,-5.942610847103371
2018-04-20,-1.0,2018-04-24,3.636571404893685,3.0,1.2303092377172968,0.0,-4.712301609386073
2018-04-25,1.0,2018-04-30,1.185269281504553,4.0,-0.2527004857200942,-0.7921885530726095,-2.7748472146996583
2018-05-01,-1.0,2018-05-04,-3.0037103929625997,4.0,-2.962656530025798,-1.9286828737466746,-4.3294282079138675
2018-05-07,1.0,2018-10-09,7.867879691648705,109.0,-0.26313464153759764,-4.431250116429787,-4.592562849451465
2018-10-10,-1.0,2018-10-12,1.6692907953874903,3.0,1.2881435809339061,-2.5193369567059625,-2.519350929122265
2018-10-15,1.0,2018-11-12,-3.967454506206014,21.0,-5.612348357233643,-7.931012597272014,-8.131699286355907
2018-11-13,-1.0,2018-11-28,-0.5271333718061433,11.0,-0.4934661470203272,-5.451592056597289,-6.88031748038397
2018-11-29,0.0,2018-12-04,0.4088146191129738,4.0,0.38068687541178703,-0.08333333333334977,-6.499630604972182
2018-12-06,-1.0,2018-12-24,11.37306878555966,13.0,-2.5628862369882253,-2.2316981998586236,-9.062516841960408
2018-12-26,1.0,2019-05-13,22.07927641700298,95.0,-6.556405318992795,-6.589735321476888,-6.556405318992795
2019-05-14,-1.0,2019-05-16,-2.5432787168585547,3.0,-2.376531055789613,-2.4603620988207684,-8.932936374782408
2019-05-17,1.0,2019-05-17,0.9782004481645235,1.0,0.8908184245121478,0.0,-8.04211795027026
2019-05-20,-1.0,2019-05-28,0.23439214213214488,6.0,-1.964836974897008,-1.0386157072912117,-10.006954925167268
2019-05-29,1.0,2019-08-05,3.0337809016838024,48.0,-2.779168857643033,-7.532453969815657,-10.605744758317561
2019-08-06,-1.0,2019-08-08,-2.380832804265487,3.0,-2.20332264235545,-2.7559284623753704,-9.65912388938098
2019-08-09,1.0,2019-08-12,-1.0913971494432184,2.0,-0.9859777466533339,-1.1415960581388154,-10.645101636034314
2019-08-13,-1.0,2019-08-13,-2.3182524174895525,1.0,-2.071472091467956,0.0,-12.71657372750227
2019-08-14,1.0,2019-08-14,0.3165597568831169,1.0,0.2763042020074685,0.0,-12.440269525494802
2019-08-15,-1.0,2019-09-05,-4.598142551017537,15.0,-4.0261212245044895,-5.356152873498721,-16.46639074999929
2019-09-06,1.0,2019-10-01,-2.408640153988273,18.0,-1.9175624342534143,-2.9156631585380755,-18.383953184252704
2019-10-02,-1.0,2019-10-15,-0.9986480597844127,10.0,0.0,-0.9986525592904888,-18.383953184252704
2019-10-16,0.0,2019-10-18,0.3179059192746747,3.0,0.31473115797990653,0.0,-0.6839169018045085
2019-10-21,-1.0,2019-10-21,-0.4061394206008706,1.0,-0.4033617644584952,0.0,-1.0872786662630036
2019-10-22,0.0,2019-10-22,-0.37127720548795207,1.0,-0.367240387639995,0.0,-1.4545190539029986
2019-10-23,1.0,2020-02-25,12.480989504627082,85.0,-7.6644909294229695,-9.11886184291422,-9.119009983325968
2020-02-26,-1.0,2020-02-28,5.610491683495078,3.0,0.5921785776814903,-0.15356899647071826,-8.526831405644478
2020-03-02,1.0,2020-03-04,3.130198377463289,3.0,-0.9597383909625091,-3.1982837390694123,-4.97987798752498
2020-03-05,-1.0,2020-04-06,4.855379351387423,23.0,-9.601593582382128,-10.693779642467895,-10.617373145904677
2020-04-07,1.0,2020-09-18,28.5576778095586,115.0,-4.856385707085593,-11.854185079531725,-15.473758852990272
2020-09-21,-1.0,2020-10-01,-7.0110111935349,9.0,-6.320166751591834,-5.0004359395236975,-18.174452713645664
2020-10-02,0.0,2020-10-02,0.0,1.0,0.0,0.0,-18.174452713645664
2020-10-05,1.0,2020-10-28,-6.521655572727825,18.0,0.0,-6.521674638674704,-18.174452713645664
2020-10-29,-1.0,2020-11-05,-7.384466105782794,6.0,-6.902876660478813,-9.049693156433158,-13.424532233206635
2020-11-06,0.0,2020-11-09,0.2986240791934769,2.0,0.25853519342604325,0.0,-13.165997039780592
2020-11-10,1.0,,,,,,
